name,city,state,website
Alpen Sierra,Minden,NV,
Anchor and Tree,Sacramento,CA,
Attalus,Vacaville,CA,
Chamberlain,Los Angeles,CA,
Chloe Caphe,Sacramento,CA,
Chromatic,San Jose,CA,
Dorothea,Mount Vernon,WA,
Equator,San Rafael,CA,
Flying M,Boise,ID,
Groundwork,Hollywood,CA,
Highwire,Emeryville,CA,
Hydrangea,Berkeley,CA,
Insight,Sacramento,CA,
Little Wolf,Ipswich,MA,
Mae,Portland,OR,
Mothership,Las Vegas,NV,
Naysayer,Napa,CA,
Pachamama,Sacramento,CA,
Steady Eddy's,Winters,CA,
Stumptown,Portland,OR,
Temple,Sacramento,CA,
Verve,Santa Cruz,CA,